"Timestamp","1- Gender:","2- On which do you play the most?","3- What Game genres do you play the most?","4- How often do you play video games?","5- How many hours do you spend playing video games in one day?","6- Do you prefer to play alone or with your friends (either online or offline)?","7- Do you play for a professional team or take part in professional gaming tournaments?","8- Mainly, why do you play video games?","9- How many hours do you sleep at night every day?","10- Do you have difficulty sleeping?","11- How long does it usually take you to sleep after going to bed?","12- Do you randomly wake up in the middle of the night?","13- How many times do you wake up in one night?","14- Do you believe there is a direct correlation between gaming addiction and Insomnia?","15- Do you feel exhausted after waking up in the morning?","16- Do you have trouble focusing or paying attention during the day?","17- Did you notice any changes in your sleep schedule after starting to play video games?","18- What changes did you notice in your sleep routine? ","19- How do you think video games affect your sleep?","20- Did you try to reduce gaming time to enhance your sleep quality?","21- If “yes”, what results did you observe after reducing your gaming time?","22- From your perspective, can you determine the role of media in spreading awareness about the effects of video games on the increasing rates of insomnia? ","23- What are your suggestions regarding this matter?"
"2024/03/20 7:58:51 pm GMT+3","Female.","Personal Computer (PC).","Simulator games.;Sports games.;Strategy games.","Regularly (several times a week).","1-3 hours.","Alone.","No.","To relieve stress and tension.","6-8 hours.","Yes.","1 to 3 hours.","Yes.","Twice or 3 times maximum.","Yes.","Occasionally.","Occasionally.","Yes.","Repeatedly waking up during the night.;Lack of sleep.;Difficulty focusing.","Blue light emitted from screens prevents melatonin.;Excitement and constant stimulation from gaming make it difficult to relax and sleep.","No.","","Average.","Spread more awareness "
"2024/03/20 8:04:17 pm GMT+3","Female.","Xbox.","Shooting games.;Simulator games.;Strategy games.","Daily.","4-6 hours.","Together.","No.","As a reward after completing academic tasks.","3-6 hours.","Rarely.","Less than 1 hour.","Occasionally.","Twice or 3 times maximum.","Yes.","Yes.","Rarely.","Yes.","Feeling tired/exhausted.","Blue light emitted from screens prevents melatonin.;Disordered sleeping schedule as a result of gaming late at night.","No.","","Weak.",""
"2024/03/20 8:07:14 pm GMT+3","Female.","Mobile.","Shooting games.;Action Games.;Survival games.","Regularly (several times a week).","1-3 hours.","Together.","No.","To relieve stress and tension.","More than 8 hours.","Rarely.","Less than 1 hour.","Rarely.","Twice or 3 times maximum.","Maybe.","Yes.","Occasionally.","No.","Feeling tired/exhausted.;Difficulty focusing.;Sudden mood swings.","Blue light emitted from screens prevents melatonin.;Low physical activity while gaming causes irregularities in sleep.","No.","","Average.","."
"2024/03/20 8:08:12 pm GMT+3","Male.","sony.","Shooting games.;Action Games.;Survival games.","Daily.","More than 9 hours.","Together.","No.","To socialise and play with friends.","More than 8 hours.","Never.","1 to 3 hours.","Yes.","I don’t.","Maybe.","Occasionally.","Occasionally.","Yes.","Difficulty sleeping.;Lack of sleep.;Difficulty focusing.","Blue light emitted from screens prevents melatonin.;Low physical activity while gaming causes irregularities in sleep.","Yes.","Better attention.;Elevated mood.","Good.","SLEEP "
"2024/03/20 8:09:20 pm GMT+3","Female.","Mobile.","Shooting games.;Fighting games.;Sports games.","Rarely (once or twice a month).","1-3 hours.","Together.","Yes.","As a reward after completing academic tasks.","More than 8 hours.","Never.","Less than 1 hour.","Rarely.","I don’t.","Maybe.","Occasionally.","Yes.","Maybe.","Lack of sleep.;Feeling tired/exhausted.;Difficulty focusing.","Excitement and constant stimulation from gaming make it difficult to relax and sleep.;Disordered sleeping schedule as a result of gaming late at night.","Yes.","Enhanced sleep quality.;Better attention.","Average.",""
"2024/03/20 8:14:53 pm GMT+3","Male.","sony.","Shooting games.;Action Games.;Fighting games.","Daily.","4-6 hours.","Together.","No.","To beat boredom.","3-6 hours.","Never.","Less than 1 hour.","Never.","I don’t.","Maybe.","Yes.","Occasionally.","Yes.","Lack of sleep.;Feeling tired/exhausted.;Difficulty focusing.","Excitement and constant stimulation from gaming make it difficult to relax and sleep.;Disordered sleeping schedule as a result of gaming late at night.","No.","","Weak.","Limit your time (games aren’t going anywhere)"
"2024/03/20 8:17:04 pm GMT+3","Female.","sony.","Shooting games.;RGP games.;MMORGP games.","Daily.","4-6 hours.","Together.","No.","To beat boredom.","3-6 hours.","Rarely.","Less than 1 hour.","Rarely.","I don’t.","Yes.","Yes.","Yes.","Yes.","Lack of sleep.;Feeling tired/exhausted.;Difficulty focusing.","Low physical activity while gaming causes irregularities in sleep.;Disordered sleeping schedule as a result of gaming late at night.","Yes.","Enhanced sleep quality.;Increased productivity.","Weak.",""
"2024/03/20 8:20:57 pm GMT+3","Female.","Personal Computer (PC).","Shooting games.;Survival games.;Strategy games.","Daily.","4-6 hours.","Alone.","No.","To relieve stress and tension.","3-6 hours.","Rarely.","Less than 1 hour.","Occasionally.","Twice or 3 times maximum.","Yes.","Yes.","Rarely.","Yes.","Feeling tired/exhausted.","Blue light emitted from screens prevents melatonin.;Disordered sleeping schedule as a result of gaming late at night.","No.","","Weak.",""
"2024/03/20 8:21:11 pm GMT+3","Female.","Mobile.","Shooting games.","Rarely (once or twice a month).","1-3 hours.","Together.","No.","To relieve stress and tension.","6-8 hours.","Never.","Less than 1 hour.","Rarely.","I don’t.","Maybe.","Rarely.","Occasionally.","No.","Lack of sleep.","Blue light emitted from screens prevents melatonin.;Low physical activity while gaming causes irregularities in sleep.","Yes.","Better attention.;Elevated mood.","Good.",""
"2024/03/20 8:23:36 pm GMT+3","Female.","Personal Computer (PC).","Shooting games.;Sports games.","Regularly (several times a week).","4-6 hours.","Together.","Yes.","To relieve stress and tension.","More than 8 hours.","Occasionally.","1 to 3 hours.","Rarely.","Twice or 3 times maximum.","Yes.","Occasionally.","Rarely.","I don't know.","Feeling tired/exhausted.;Difficulty focusing.;Sudden mood swings.","Blue light emitted from screens prevents melatonin.;Disordered sleeping schedule as a result of gaming late at night.","No.","","Average.",""
"2024/03/20 8:26:19 pm GMT+3","Female.","sony.","Shooting games.;RGP games.;Action Games.","Daily.","4-6 hours.","Together.","No.","To relieve stress and tension.","6-8 hours.","Rarely.","1 to 3 hours.","Never.","I don’t.","Maybe.","Rarely.","Rarely.","No.","Feeling tired/exhausted.;Sudden mood swings.","Blue light emitted from screens prevents melatonin.;Low physical activity while gaming causes irregularities in sleep.","No.","","Weak.",""
"2024/03/20 8:27:18 pm GMT+3","Female.","Mobile.","Simulator games.;Survival games.;Open-world games.","Daily.","4-6 hours.","Alone.","Yes.","To relieve stress and tension.","1-3 hours.","Occasionally.","Less than 1 hour.","Occasionally.","Twice or 3 times maximum.","Yes.","Yes.","Occasionally.","Yes.","Lack of sleep.;Difficulty focusing.","Low physical activity while gaming causes irregularities in sleep.;Disordered sleeping schedule as a result of gaming late at night.","Yes.","Increased productivity.","Outstanding.",""
"2024/03/20 8:27:20 pm GMT+3","Female.","Mobile.","Survival games.","Never","1-3 hours.","Together.","No.","To socialise and play with friends.","More than 8 hours.","Occasionally.","1 to 3 hours.","Yes.","More than 3 times every day.","Maybe.","Yes.","Occasionally.","Maybe.","Difficulty sleeping.;Feeling tired/exhausted.;Difficulty focusing.","Low physical activity while gaming causes irregularities in sleep.;Disordered sleeping schedule as a result of gaming late at night.","Yes.","Enhanced sleep quality.;Increased productivity.","Average.",""
"2024/03/20 8:32:09 pm GMT+3","Female.","Personal Computer (PC).","RGP games.;Open-world games.;Gacha games.","Daily.","1-3 hours.","Together.","No.","To socialise and play with friends.","6-8 hours.","Never.","Less than 1 hour.","Never.","I don’t.","Maybe.","Occasionally.","Occasionally.","No.","Sudden mood swings.","Blue light emitted from screens prevents melatonin.;Disordered sleeping schedule as a result of gaming late at night.","No.","","Weak.","Blue light glassess awareness, ergonomic and physical health awareness, avoiding peer pressure in late time gaming and intense high stakes gaming"
"2024/03/20 8:33:08 pm GMT+3","Female.","sony.","Action Games.;Fighting games.;Open-world games.","sometimes (once or twice a week).","4-6 hours.","Together.","No.","As a reward after completing academic tasks.","More than 8 hours.","Rarely.","1 to 3 hours.","Yes.","More than 3 times every day.","Maybe.","Occasionally.","Occasionally.","I don't know.","Repeatedly waking up during the night.","Blue light emitted from screens prevents melatonin.","Yes.","Enhanced sleep quality.","Good.",""
"2024/03/20 8:35:29 pm GMT+3","Female.","sony.","Action Games.;Survival games.;Open-world games.","Regularly (several times a week).","1-3 hours.","Together.","No.","To beat boredom.","6-8 hours.","Occasionally.","1 to 3 hours.","Yes.","Twice or 3 times maximum.","Maybe.","Occasionally.","Occasionally.","No.","Difficulty sleeping.;Repeatedly waking up during the night.","Disordered sleeping schedule as a result of gaming late at night.","No.","","Weak.",""
"2024/03/20 8:37:36 pm GMT+3","Female.","Mobile.","Simulator games.","Rarely (once or twice a month).","1-3 hours.","Alone.","No.","As a reward after completing academic tasks.","6-8 hours.","Never.","Less than 1 hour.","Rarely.","Twice or 3 times maximum.","Yes.","Occasionally.","Occasionally.","No.","didn't notice any change","Blue light emitted from screens prevents melatonin.;Excitement and constant stimulation from gaming make it difficult to relax and sleep.","No.","","Weak.","Famous gamers should talk more about negative impacts they experienced to warn others and spread awareness "
"2024/03/20 8:40:27 pm GMT+3","Female.","Xbox.","Simulator games.","sometimes (once or twice a week).","1-3 hours.","Together.","No.","As a reward after completing academic tasks.","6-8 hours.","Rarely.","1 to 3 hours.","Rarely.","I don’t.","Yes.","Occasionally.","Occasionally.","No.","Lack of sleep.;Feeling tired/exhausted.;Difficulty focusing.","Excitement and constant stimulation from gaming make it difficult to relax and sleep.","Yes.","Increased productivity.","Weak.","honestly this matter concerns kids more as they are likely to play video games more than college students who have a degree to complete"
"2024/03/20 8:42:13 pm GMT+3","Female.","Mobile.","Fighting games.;Survival games.","Rarely (once or twice a month).","1-3 hours.","Together.","No.","To beat boredom.","6-8 hours.","Rarely.","Less than 1 hour.","Never.","I don’t.","Maybe.","Yes.","Occasionally.","No.","Nothing ","I don’t know ","No.","","Average.",""
"2024/03/20 8:54:21 pm GMT+3","Female.","Ipad","Simulator games.","Daily.","4-6 hours.","Together.","No.","To beat boredom.","6-8 hours.","Rarely.","Less than 1 hour.","Rarely.","I don’t.","Maybe.","Occasionally.","Yes.","Maybe.","Difficulty focusing.","Blue light emitted from screens prevents melatonin.;Excitement and constant stimulation from gaming make it difficult to relax and sleep.","No.","","Average.",""
"2024/03/20 9:10:01 pm GMT+3","Female.","sony.","Shooting games.;Action Games.;Survival games.","Rarely (once or twice a month).","1-3 hours.","Together.","No.","To beat boredom.","1-3 hours.","Yes.","1 to 3 hours.","Occasionally.","More than 3 times every day.","No.","Yes.","Occasionally.","No.","Feeling tired/exhausted.;Difficulty focusing.;Sudden mood swings.","Blue light emitted from screens prevents melatonin.","No.","","Weak.",""
"2024/03/20 9:23:37 pm GMT+3","Female.","sony.","Shooting games.;RGP games.;Fighting games.","Regularly (several times a week).","4-6 hours.","Together.","Yes.","To beat boredom.","6-8 hours.","Never.","Less than 1 hour.","Yes.","Twice or 3 times maximum.","I don't know.","Never.","Yes.","Yes.","Feeling tired/exhausted.;Difficulty focusing.","Low physical activity while gaming causes irregularities in sleep.","No.","No","Good.","I haven’t "
"2024/03/20 9:25:13 pm GMT+3","Female.","Mobile.","Shooting games.;Simulator games.;Open-world games.","Regularly (several times a week).","1-3 hours.","Together.","No.","As a reward after completing academic tasks.","6-8 hours.","Occasionally.","1 to 3 hours.","Rarely.","I don’t.","Maybe.","Occasionally.","Occasionally.","Maybe.","Feeling tired/exhausted.;Difficulty focusing.","Blue light emitted from screens prevents melatonin.;Low physical activity while gaming causes irregularities in sleep.","Yes.","Enhanced sleep quality.;Increased productivity.","Average.",""
"2024/03/20 9:29:39 pm GMT+3","Female.","sony.","RGP games.","Regularly (several times a week).","7-9 hours.","Together.","Planning on playing professionally.","To beat boredom.","More than 8 hours.","Yes.","More than 3 hours.","Rarely.","More than 3 times every day.","No.","Occasionally.","Occasionally.","Maybe.","Repeatedly waking up during the night.","Blue light emitted from screens prevents melatonin.","Yes.","Increased productivity.","Weak.",""
"2024/03/20 9:31:09 pm GMT+3","Female.","sony.","Shooting games.;Fighting games.;Gacha games.","Regularly (several times a week).","4-6 hours.","Together.","No.","To socialise and play with friends.","3-6 hours.","Yes.","More than 3 hours.","Yes.","Twice or 3 times maximum.","No.","Yes.","Rarely.","No.","Lack of sleep.;Feeling tired/exhausted.;Sudden mood swings.","Excitement and constant stimulation from gaming make it difficult to relax and sleep.;Disordered sleeping schedule as a result of gaming late at night.","No.","","Weak.",""
"2024/03/20 9:32:02 pm GMT+3","Female.","Mobile.","Action Games.;Survival games.;Open-world games.","sometimes (once or twice a week).","4-6 hours.","Together.","Planning on playing professionally.","To relieve stress and tension.","1-3 hours.","Yes.","1 to 3 hours.","Yes.","Twice or 3 times maximum.","Yes.","Yes.","Occasionally.","No.","Difficulty sleeping.;Lack of sleep.;Feeling tired/exhausted.","Blue light emitted from screens prevents melatonin.;Excitement and constant stimulation from gaming make it difficult to relax and sleep.","Yes.","Increased productivity.;Better attention.","Good.","Thanks ✨"
"2024/03/20 9:36:45 pm GMT+3","Male.","Mobile.","Shooting games.","Never","More than 9 hours.","Alone.","Yes.","To relieve stress and tension.","Less than 1 hour.","Occasionally.","Less than 1 hour.","Occasionally.","More than 3 times every day.","I don't know.","Yes.","Yes.","Maybe.","Feeling tired/exhausted.","Low physical activity while gaming causes irregularities in sleep.","Yes.","Better attention.","Outstanding.","اااا"
"2024/03/20 9:36:50 pm GMT+3","Female.","Personal Computer (PC).","Action Games.;Simulator games.;Open-world games.","Daily.","More than 9 hours.","Alone.","No.","Because it is part of my day and I enjoy it","More than 8 hours.","Occasionally.","Less than 1 hour.","Never.","I don’t.","I don't know.","Yes.","Occasionally.","No.","Feeling tired/exhausted.;Difficulty focusing.;Sudden mood swings.","Blue light emitted from screens prevents melatonin.;Disordered sleeping schedule as a result of gaming late at night.","No.","No","Good.",""
"2024/03/20 9:42:09 pm GMT+3","Female.","sony.","Simulator games.;Open-world games.;Gacha games.","Regularly (several times a week).","7-9 hours.","Alone.","No.","As a reward after completing academic tasks.","6-8 hours.","Never.","Less than 1 hour.","Never.","I don’t.","No.","Rarely.","Never.","No.","Feeling tired/exhausted.","Blue light emitted from screens prevents melatonin.;Feeling a headache after waking up","No.","","Weak.",""
"2024/03/20 9:43:15 pm GMT+3","Male.","Personal Computer (PC).","Strategy games.","Regularly (several times a week).","4-6 hours.","Together.","Yes.","To socialise and play with friends.","3-6 hours.","Rarely.","Less than 1 hour.","Rarely.","I don’t.","I don't know.","Rarely.","Occasionally.","Maybe.","Difficulty focusing.","Blue light emitted from screens prevents melatonin.","No.","","Average.","Idk"
"2024/03/20 9:43:26 pm GMT+3","Female.","Mobile.","Simulator games.;Survival games.;Open-world games.","Rarely (once or twice a month).","1-3 hours.","Together.","No.","To beat boredom.","3-6 hours.","Rarely.","Less than 1 hour.","Rarely.","I don’t.","Yes.","Occasionally.","Occasionally.","I don't know.","Feeling tired/exhausted.;Difficulty focusing.;Sudden mood swings.","I’m not sure but it keeps your brain thinking about it and you think about it subconsciously so it affects your sleep","Yes.","Increased productivity.","Weak.","Well, I don’t have any suggestions but I do believe that no matter how much time passes by and how much life changes we’re still a product of evolutionary programming and it’s not normal for our brains to engage in this type of activities, but we have this tendency of getting used to anything so what I’m trying to say here is these games has bad affects on our sleep, attention and thoughts wether we notice or not and wether it was studied or not "
"2024/03/20 9:44:30 pm GMT+3","Female.","Mobile.","Shooting games.;Action Games.","Never","1-3 hours.","Together.","No.","To beat boredom.","More than 8 hours.","Occasionally.","Less than 1 hour.","Never.","I don’t.","No.","Rarely.","Occasionally.","No.","Feeling tired/exhausted.;Difficulty focusing.;Sudden mood swings.","Blue light emitted from screens prevents melatonin.","Yes.","Increased productivity.;Better attention.","Average.",""
"2024/03/20 9:45:14 pm GMT+3","Female.","Mobile.","RGP games.;Open-world games.","sometimes (once or twice a week).","4-6 hours.","Together.","No.","To beat boredom.","6-8 hours.","Rarely.","1 to 3 hours.","Occasionally.","Twice or 3 times maximum.","Maybe.","Yes.","Occasionally.","Maybe.","Lack of sleep.","Excitement and constant stimulation from gaming make it difficult to relax and sleep.;Disordered sleeping schedule as a result of gaming late at night.","Yes.","Enhanced sleep quality.;Increased productivity.","Weak.","لا يوجد"
"2024/03/20 9:46:02 pm GMT+3","Female.","Mobile.","Shooting games.;Survival games.;Open-world games.","Regularly (several times a week).","1-3 hours.","Alone.","Planning on playing professionally.","To relieve stress and tension.","3-6 hours.","Rarely.","Less than 1 hour.","Occasionally.","Twice or 3 times maximum.","Maybe.","Occasionally.","Occasionally.","Maybe.","Feeling tired/exhausted.;Difficulty focusing.;Sudden mood swings.","Blue light emitted from screens prevents melatonin.;Excitement and constant stimulation from gaming make it difficult to relax and sleep.","Yes.","Enhanced sleep quality.","Weak.",""
"2024/03/20 9:46:32 pm GMT+3","Female.","sony.","Action Games.;Fighting games.;Survival games.","Rarely (once or twice a month).","1-3 hours.","Together.","No.","To socialise and play with friends.","3-6 hours.","Yes.","1 to 3 hours.","Yes.","Twice or 3 times maximum.","I don't know.","Occasionally.","Yes.","Maybe.","Feeling tired/exhausted.;Difficulty focusing.","Blue light emitted from screens prevents melatonin.;Low physical activity while gaming causes irregularities in sleep.","No.","","Average.","I don't have suggestion sry"
"2024/03/20 9:48:50 pm GMT+3","Male.","Personal Computer (PC).","Survival games.;Open-world games.;Strategy games.","sometimes (once or twice a week).","1-3 hours.","Together.","No.","As a reward after completing academic tasks.","6-8 hours.","Rarely.","1 to 3 hours.","Yes.","Twice or 3 times maximum.","Maybe.","Yes.","Occasionally.","Maybe.","Lack of sleep.;Feeling tired/exhausted.;Sudden mood swings.","Excitement and constant stimulation from gaming make it difficult to relax and sleep.","Yes.","Better attention.;Elevated mood.","Average.","Good sht"
"2024/03/20 9:49:51 pm GMT+3","Female.","Mobile.","Fighting games.;Survival games.;Open-world games.","Regularly (several times a week).","1-3 hours.","Alone.","No.","To beat boredom.","More than 8 hours.","Occasionally.","Less than 1 hour.","Occasionally.","Twice or 3 times maximum.","Maybe.","Yes.","Occasionally.","I don't know.","Feeling tired/exhausted.;Difficulty focusing.;Sudden mood swings.","Excitement and constant stimulation from gaming make it difficult to relax and sleep.;Low physical activity while gaming causes irregularities in sleep.","Yes.","Enhanced sleep quality.;Elevated mood.","Good.",""
"2024/03/20 9:51:42 pm GMT+3","Male.","sony.","Shooting games.;Fighting games.;Survival games.","Regularly (several times a week).","4-6 hours.","Alone.","Planning on playing professionally.","To relieve stress and tension.","6-8 hours.","Rarely.","1 to 3 hours.","Occasionally.","Twice or 3 times maximum.","Maybe.","Occasionally.","Rarely.","No.","Lack of sleep.","No","Yes.","Better attention.","Good.",""
"2024/03/20 9:52:17 pm GMT+3","Female.","Mobile.","Shooting games.;Simulator games.;Sports games.","sometimes (once or twice a week).","1-3 hours.","Together.","No.","To beat boredom.","3-6 hours.","Occasionally.","Less than 1 hour.","Yes.","Twice or 3 times maximum.","Yes.","Occasionally.","Yes.","Maybe.","Repeatedly waking up during the night.","Blue light emitted from screens prevents melatonin.","Yes.","Enhanced sleep quality.","Average.",""
"2024/03/20 9:52:42 pm GMT+3","Female.","Personal Computer (PC).","Action Games.;Sports games.","Regularly (several times a week).","4-6 hours.","Together.","Yes.","To beat boredom.","6-8 hours.","Yes.","Less than 1 hour.","Yes.","I don’t.","No.","Yes.","Yes.","Yes.","Difficulty sleeping.","Blue light emitted from screens prevents melatonin.","Yes.","Enhanced sleep quality.","Weak.",""
"2024/03/20 10:05:16 pm GMT+3","Female.","Mobile.","RGP games.;Action Games.;Survival games.","Regularly (several times a week).","1-3 hours.","Together.","Yes.","To beat boredom.","6-8 hours.","Occasionally.","1 to 3 hours.","Occasionally.","I don’t.","Maybe.","Occasionally.","Occasionally.","Maybe.","Difficulty sleeping.;Repeatedly waking up during the night.;Difficulty focusing.","Excitement and constant stimulation from gaming make it difficult to relax and sleep.","No.","","Average.","Stay away from the video games"
"2024/03/20 10:17:14 pm GMT+3","Female.","Mobile.","Shooting games.;Survival games.;Open-world games.","sometimes (once or twice a week).","1-3 hours.","Together.","No.","To beat boredom.","More than 8 hours.","Rarely.","1 to 3 hours.","Rarely.","Twice or 3 times maximum.","Maybe.","Rarely.","Rarely.","Maybe.","Difficulty sleeping.;Lack of sleep.;Sudden mood swings.","Low physical activity while gaming causes irregularities in sleep.","No.","","Weak.",""
"2024/03/20 10:18:54 pm GMT+3","Female.","Mobile.","Shooting games.;Fighting games.;Open-world games.","Rarely (once or twice a month).","1-3 hours.","Together.","No.","To beat boredom.","3-6 hours.","Occasionally.","1 to 3 hours.","Rarely.","Twice or 3 times maximum.","Maybe.","Yes.","Occasionally.","Yes.","Lack of sleep.;Feeling tired/exhausted.;Sudden mood swings.","Blue light emitted from screens prevents melatonin.;Low physical activity while gaming causes irregularities in sleep.","Yes.","Increased productivity.","Outstanding.","i have no suggestions! good luck you guys <3"
"2024/03/20 10:20:48 pm GMT+3","Female.","Mobile.","Open-world games.","Daily.","1-3 hours.","Together.","No.","To beat boredom.","More than 8 hours.","Never.","Less than 1 hour.","Never.","I don’t.","Maybe.","Rarely.","Occasionally.","No.","Feeling tired/exhausted.;Difficulty focusing.","Blue light emitted from screens prevents melatonin.;Low physical activity while gaming causes irregularities in sleep.","No.","","Average.",""
"2024/03/20 10:21:09 pm GMT+3","Female.","Mobile.","Sports games.","Rarely (once or twice a month).","1-3 hours.","Together.","No.","To beat boredom.","6-8 hours.","Rarely.","Less than 1 hour.","Rarely.","I don’t.","Yes.","Occasionally.","Rarely.","I don't know.","Feeling tired/exhausted.;","Low physical activity while gaming causes irregularities in sleep.","Yes.","Enhanced sleep quality.;Better attention.","Good.",""
"2024/03/20 10:22:14 pm GMT+3","Female.","Mobile.","Shooting games.","Daily.","4-6 hours.","Together.","Planning on playing professionally.","To socialise and play with friends.","6-8 hours.","Never.","Less than 1 hour.","Never.","I don’t.","I don't know.","Never.","Never.","No.","Repeatedly waking up during the night.","Disordered sleeping schedule as a result of gaming late at night.","Yes.","Better attention.","Good.","Awesome "
"2024/03/20 10:23:03 pm GMT+3","Female.","sony.","Shooting games.;Action Games.;Fighting games.","sometimes (once or twice a week).","1-3 hours.","Alone.","No.","To beat boredom.","More than 8 hours.","Rarely.","Less than 1 hour.","Rarely.","I don’t.","Maybe.","Yes.","Occasionally.","Maybe.","Feeling tired/exhausted.;Difficulty focusing.;Sudden mood swings.","Blue light emitted from screens prevents melatonin.;Excitement and constant stimulation from gaming make it difficult to relax and sleep.","Yes.","Increased productivity.;Better attention.","Good.","Nothing "
"2024/03/20 10:23:08 pm GMT+3","Female.","sony.","Shooting games.;Action Games.;Fighting games.","sometimes (once or twice a week).","1-3 hours.","Alone.","No.","To beat boredom.","More than 8 hours.","Rarely.","Less than 1 hour.","Rarely.","I don’t.","Maybe.","Yes.","Occasionally.","Maybe.","Feeling tired/exhausted.;Difficulty focusing.;Sudden mood swings.","Blue light emitted from screens prevents melatonin.;Excitement and constant stimulation from gaming make it difficult to relax and sleep.","Yes.","Increased productivity.;Better attention.","Good.","Nothing "
"2024/03/20 10:26:55 pm GMT+3","Male.","sony.","Shooting games.;Open-world games.","Regularly (several times a week).","4-6 hours.","Together.","Planning on playing professionally.","To socialise and play with friends.","6-8 hours.","Rarely.","1 to 3 hours.","Rarely.","Twice or 3 times maximum.","Maybe.","Occasionally.","Rarely.","I don't know.","Feeling tired/exhausted.","Blue light emitted from screens prevents melatonin.;Excitement and constant stimulation from gaming make it difficult to relax and sleep.","Yes.","Enhanced sleep quality.","Average.",""
"2024/03/20 10:38:15 pm GMT+3","Female.","sony.","Shooting games.","sometimes (once or twice a week).","1-3 hours.","Alone.","Yes.","To relieve stress and tension.","Less than 1 hour.","Yes.","1 to 3 hours.","Rarely.","I don’t.","No.","Occasionally.","Occasionally.","Maybe.","Difficulty sleeping.","Blue light emitted from screens prevents melatonin.","Yes.","Better attention.","Good.","Nothing"
"2024/03/20 10:40:04 pm GMT+3","Female.","Personal Computer (PC).","Shooting games.;Survival games.;Open-world games.","Daily.","4-6 hours.","Together.","No.","To relieve stress and tension.","1-3 hours.","Occasionally.","Less than 1 hour.","Occasionally.","Twice or 3 times maximum.","Maybe.","Occasionally.","Yes.","Yes.","Repeatedly waking up during the night.;Lack of sleep.;Feeling tired/exhausted.","Disordered sleeping schedule as a result of gaming late at night.","No.","Enhanced sleep quality.","Average.","I have no suggestions"
"2024/03/20 10:43:11 pm GMT+3","Female.","Mobile.","Open-world games.","Never","1-3 hours.","Alone.","No.","To compete with others.","6-8 hours.","Yes.","1 to 3 hours.","Occasionally.","I don’t.","No.","Yes.","Occasionally.","No.","Lack of sleep.;","Blue light emitted from screens prevents melatonin.","No.","Elevated mood.","Good.",""
"2024/03/20 10:47:34 pm GMT+3","Female.","Mobile.","Open-world games.","Regularly (several times a week).","1-3 hours.","Alone.","No.","To relieve stress and tension.","3-6 hours.","Occasionally.","Less than 1 hour.","Occasionally.","Twice or 3 times maximum.","Maybe.","Occasionally.","Occasionally.","I don't know.","Feeling tired/exhausted.;Difficulty focusing.","Blue light emitted from screens prevents melatonin.;Low physical activity while gaming causes irregularities in sleep.","No.","","Weak.",""
"2024/03/20 10:52:49 pm GMT+3","Female.","Mobile.","Action Games.;Simulator games.;Strategy games.","Rarely (once or twice a month).","1-3 hours.","Alone.","No.","To relieve stress and tension.","Less than 1 hour.","Yes.","1 to 3 hours.","Yes.","Twice or 3 times maximum.","Maybe.","Rarely.","Yes.","Maybe.","Difficulty sleeping.;Repeatedly waking up during the night.;Feeling tired/exhausted.","Excitement and constant stimulation from gaming make it difficult to relax and sleep.","No.","","Weak.",""
"2024/03/20 10:57:21 pm GMT+3","Male.","Personal Computer (PC).","Shooting games.;Open-world games.;Strategy games.","sometimes (once or twice a week).","4-6 hours.","Together.","No.","To beat boredom.","3-6 hours.","Rarely.","1 to 3 hours.","Occasionally.","Twice or 3 times maximum.","No.","Occasionally.","Occasionally.","No.","Repeatedly waking up during the night.;Feeling tired/exhausted.","Excitement and constant stimulation from gaming make it difficult to relax and sleep.;Low physical activity while gaming causes irregularities in sleep.","Yes.","Enhanced sleep quality.;Increased productivity.","Weak.",""
"2024/03/20 10:58:18 pm GMT+3","Male.","Mobile.","Shooting games.;Simulator games.;Sports games.","Rarely (once or twice a month).","1-3 hours.","Together.","Yes.","As a reward after completing academic tasks.","1-3 hours.","Occasionally.","1 to 3 hours.","Yes.","Twice or 3 times maximum.","Yes.","Occasionally.","Yes.","Yes.","Repeatedly waking up during the night.;Lack of sleep.;Sudden mood swings.","Excitement and constant stimulation from gaming make it difficult to relax and sleep.;Low physical activity while gaming causes irregularities in sleep.","Yes.","Enhanced sleep quality.;Better attention.","Weak.",""
"2024/03/20 11:00:58 pm GMT+3","Male.","Xbox.","Shooting games.;Action Games.;Simulator games.","Daily.","More than 9 hours.","Together.","Planning on playing professionally.","للتسليه","Less than 1 hour.","Yes.","Less than 1 hour.","Yes.","More than 3 times every day.","Yes.","Yes.","Yes.","Yes.","Difficulty sleeping.;Lack of sleep.;Difficulty focusing.","Blue light emitted from screens prevents melatonin.;Low physical activity while gaming causes irregularities in sleep.","No.","","Outstanding.",""
"2024/03/20 11:05:52 pm GMT+3","Female.","Mobile.","Strategy games.","Rarely (once or twice a month).","1-3 hours.","Together.","No.","To beat boredom.","3-6 hours.","Never.","Less than 1 hour.","Never.","I don’t.","Yes.","Occasionally.","Yes.","I don't know.","Nothing","Low physical activity while gaming causes irregularities in sleep.","No.","","Average.",""
"2024/03/20 11:09:06 pm GMT+3","Female.","Mobile.","Survival games.","sometimes (once or twice a week).","1-3 hours.","Together.","No.","To beat boredom.","3-6 hours.","Yes.","1 to 3 hours.","Yes.","More than 3 times every day.","Maybe.","Yes.","Yes.","Yes.","all of the above ","Disordered sleeping schedule as a result of gaming late at night.","No.","","Average.",""
"2024/03/20 11:09:17 pm GMT+3","Female.","Mobile.","Action Games.;Open-world games.","Rarely (once or twice a month).","1-3 hours.","Alone.","No.","To socialise and play with friends.","6-8 hours.","Never.","1 to 3 hours.","Rarely.","I don’t.","Maybe.","Never.","Never.","I don't know.","Feeling tired/exhausted.;Difficulty focusing.;Sudden mood swings.","Excitement and constant stimulation from gaming make it difficult to relax and sleep.;Low physical activity while gaming causes irregularities in sleep.","Yes.","Better attention.;Elevated mood.","Average.",""
"2024/03/20 11:12:23 pm GMT+3","Male.","Personal Computer (PC).","RGP games.;Survival games.;Open-world games.","Daily.","7-9 hours.","Alone.","No.","To beat boredom.","6-8 hours.","Rarely.","Less than 1 hour.","Rarely.","I don’t.","No.","Rarely.","Rarely.","Maybe.","Lack of sleep.;Feeling tired/exhausted.;Sudden mood swings.","Low physical activity while gaming causes irregularities in sleep.;Disordered sleeping schedule as a result of gaming late at night.","Yes.","Increased productivity.","Average.",""
"2024/03/20 11:13:49 pm GMT+3","Male.","sony.","Shooting games.;Open-world games.;Gacha games.","Regularly (several times a week).","4-6 hours.","Together.","No.","To relieve stress and tension.","6-8 hours.","Never.","Less than 1 hour.","Rarely.","Twice or 3 times maximum.","Yes.","Yes.","Rarely.","No.","Feeling tired/exhausted.","Blue light emitted from screens prevents melatonin.","No.","Elevated mood.;","Good.","I don't know but go touch the grass and sleep well and then to play a lot and do your hobbies and be happy and I hope you have a good life"
"2024/03/20 11:20:47 pm GMT+3","Female.","Mobile.","Action Games.;Sports games.;Strategy games.","Rarely (once or twice a month).","1-3 hours.","Together.","No.","To beat boredom.","3-6 hours.","Yes.","1 to 3 hours.","Yes.","More than 3 times every day.","Maybe.","Yes.","Yes.","No.","Lack of sleep.","Blue light emitted from screens prevents melatonin.;Disordered sleeping schedule as a result of gaming late at night.","No.","","Weak.","Setting limitations on the games similar to screen time for phone "
"2024/03/20 11:21:53 pm GMT+3","Female.","Personal Computer (PC).","Shooting games.;Open-world games.","Daily.","1-3 hours.","Together.","Yes.","To relieve stress and tension.","6-8 hours.","Occasionally.","Less than 1 hour.","Yes.","Twice or 3 times maximum.","Maybe.","Occasionally.","Yes.","Yes.","Lack of sleep.;Feeling tired/exhausted.;Difficulty focusing.","Blue light emitted from screens prevents melatonin.;Low physical activity while gaming causes irregularities in sleep.","Yes.","Better attention.","Average.",""
"2024/03/20 11:22:55 pm GMT+3","Female.","Personal Computer (PC).","Shooting games.;Action Games.;Fighting games.","sometimes (once or twice a week).","1-3 hours.","Together.","No.","To socialise and play with friends.","3-6 hours.","Yes.","More than 3 hours.","Never.","I don’t.","Maybe.","Yes.","Yes.","No.","Difficulty sleeping.;Lack of sleep.;Feeling tired/exhausted.","Low physical activity while gaming causes irregularities in sleep.","No.",".","Average.","Non"
"2024/03/20 11:23:37 pm GMT+3","Female.","Mobile.","Shooting games.;RGP games.;Action Games.","sometimes (once or twice a week).","1-3 hours.","Alone.","No.","As a reward after completing academic tasks.","Less than 1 hour.","Occasionally.","Less than 1 hour.","Occasionally.","Twice or 3 times maximum.","I don't know.","Yes.","Never.","Yes.","Lack of sleep.;Feeling tired/exhausted.;Difficulty focusing.","Blue light emitted from screens prevents melatonin.;Excitement and constant stimulation from gaming make it difficult to relax and sleep.","No.","Enhanced sleep quality.;Increased productivity.","Average.",""
"2024/03/20 11:25:44 pm GMT+3","Female.","sony.","Open-world games.;Strategy games.;Gacha games.","Rarely (once or twice a month).","4-6 hours.","Together.","Yes.","As a reward after completing academic tasks.","1-3 hours.","Yes.","Less than 1 hour.","Yes.","I don’t.","Maybe.","Yes.","Yes.","Yes.","Difficulty sleeping.;Repeatedly waking up during the night.","Blue light emitted from screens prevents melatonin.","Yes.","Increased productivity.;Better attention.","Weak.",""
"2024/03/20 11:28:24 pm GMT+3","Female.","sony.","Action Games.;Sports games.;Strategy games.","Never","1-3 hours.","Alone.","No.","To compete with others.","6-8 hours.","Rarely.","Less than 1 hour.","Rarely.","Twice or 3 times maximum.","Maybe.","Occasionally.","Never.","I don't know.","Difficulty sleeping.;Repeatedly waking up during the night.;Feeling tired/exhausted.","Disordered sleeping schedule as a result of gaming late at night.","Yes.","Better attention.","Good.",""
"2024/03/20 11:30:57 pm GMT+3","Female.","Mobile.","Shooting games.;Action Games.;Fighting games.","Rarely (once or twice a month).","1-3 hours.","Together.","No.","To beat boredom.","More than 8 hours.","Rarely.","Less than 1 hour.","Rarely.","Twice or 3 times maximum.","Maybe.","Rarely.","Occasionally.","No.","Feeling tired/exhausted.;Difficulty focusing.","Blue light emitted from screens prevents melatonin.;Low physical activity while gaming causes irregularities in sleep.","Yes.","Enhanced sleep quality.;Elevated mood.","Good.",""
"2024/03/20 11:32:48 pm GMT+3","Female.","sony.","RGP games.;Survival games.;Open-world games.","sometimes (once or twice a week).","4-6 hours.","Alone.","No.","As a reward after completing academic tasks.","6-8 hours.","Occasionally.","Less than 1 hour.","Rarely.","Twice or 3 times maximum.","Yes.","Occasionally.","Yes.","I don't know.","Feeling tired/exhausted.;Difficulty focusing.;Sudden mood swings.","Disordered sleeping schedule as a result of gaming late at night.","No.","","Weak.","."
"2024/03/20 11:36:47 pm GMT+3","Female.","Mobile.","Action Games.;Fighting games.;Survival games.","sometimes (once or twice a week).","1-3 hours.","Alone.","No.","Because I want to play with my beautifull skins","3-6 hours.","Rarely.","Less than 1 hour.","Yes.","Twice or 3 times maximum.","I don't know.","Rarely.","Yes.","No.","Feeling tired/exhausted.;Difficulty focusing.;Sudden mood swings.","Low physical activity while gaming causes irregularities in sleep.;Disordered sleeping schedule as a result of gaming late at night.","Yes.","Elevated mood.","Weak.",""
"2024/03/20 11:40:48 pm GMT+3","Male.","Mobile.","Action Games.","sometimes (once or twice a week).","1-3 hours.","Together.","Planning on playing professionally.","To socialise and play with friends.","More than 8 hours.","Yes.","Less than 1 hour.","Rarely.","I don’t.","Maybe.","Yes.","Yes.","I don't know.","Feeling tired/exhausted.","Blue light emitted from screens prevents melatonin.","Yes.","Enhanced sleep quality.","Good.","😍"
"2024/03/21 12:00:27 am GMT+3","Female.","Mobile.","Shooting games.;Survival games.","sometimes (once or twice a week).","1-3 hours.","Alone.","No.","To beat boredom.","3-6 hours.","Occasionally.","Less than 1 hour.","Occasionally.","Twice or 3 times maximum.","Maybe.","Occasionally.","Yes.","I don't know.","Feeling tired/exhausted.;Difficulty focusing.;Sudden mood swings.","Excitement and constant stimulation from gaming make it difficult to relax and sleep.;Disordered sleeping schedule as a result of gaming late at night.","Yes.","Better attention.","Average.",""
"2024/03/21 12:05:40 am GMT+3","Male.","sony.","Shooting games.;Action Games.;Open-world games.","sometimes (once or twice a week).","1-3 hours.","Alone.","No.","To relieve stress and tension.","6-8 hours.","Never.","Less than 1 hour.","Never.","I don’t.","Maybe.","Yes.","Rarely.","No.","Feeling tired/exhausted.","Blue light emitted from screens prevents melatonin.;Excitement and constant stimulation from gaming make it difficult to relax and sleep.","No.","","Average.",""
"2024/03/21 12:05:45 am GMT+3","Female.","Mobile.","Shooting games.;Action Games.;Fighting games.","Daily.","7-9 hours.","Together.","No.","To socialise and play with friends.","6-8 hours.","Occasionally.","Less than 1 hour.","Never.","I don’t.","Yes.","Rarely.","Yes.","No.","Repeatedly waking up during the night.","Blue light emitted from screens prevents melatonin.;Excitement and constant stimulation from gaming make it difficult to relax and sleep.","No.","Better attention.","Weak.","🥹"
"2024/03/21 12:16:48 am GMT+3","Female.","Mobile.","Strategy games.","Regularly (several times a week).","1-3 hours.","Alone.","No.","To beat boredom.","6-8 hours.","Occasionally.","1 to 3 hours.","Rarely.","Twice or 3 times maximum.","Yes.","Occasionally.","Occasionally.","I don't know.","Repeatedly waking up during the night.","Disordered sleeping schedule as a result of gaming late at night.","No.","","Average.",""
"2024/03/21 12:26:16 am GMT+3","Female.","Mobile.","Survival games.;Gacha games.","Rarely (once or twice a month).","1-3 hours.","Alone.","No.","To relieve stress and tension.","3-6 hours.","Yes.","Less than 1 hour.","Occasionally.","Twice or 3 times maximum.","No.","Never.","Occasionally.","No.","Difficulty sleeping.;Lack of sleep.","Low physical activity while gaming causes irregularities in sleep.","No.","","Weak.","Idk "
"2024/03/21 12:47:44 am GMT+3","Female.","Mobile.","Shooting games.;Fighting games.;Survival games.","Rarely (once or twice a month).","1-3 hours.","Together.","No.","To relieve stress and tension.","3-6 hours.","Occasionally.","Less than 1 hour.","Rarely.","I don’t.","Maybe.","Yes.","Yes.","Yes.","Difficulty sleeping.;Repeatedly waking up during the night.;Lack of sleep.","Blue light emitted from screens prevents melatonin.","Yes.","Enhanced sleep quality.","Weak.","nothing "
"2024/03/21 1:01:42 am GMT+3","Male.","Personal Computer (PC).","RGP games.;MMORGP games.;Fighting games.","Daily.","More than 9 hours.","Together.","Yes.","I don’t it is part of my life now. ","3-6 hours.","Occasionally.","1 to 3 hours.","Never.","I don’t.","No.","Yes.","Never.","No.","Difficulty sleeping.;Lack of sleep.;Feeling tired/exhausted.","Excitement and constant stimulation from gaming make it difficult to relax and sleep.","Yes.","Nothing changed. ","Average.","I actually don’t think game’s affects my sleep more than Studying and going to college. "
"2024/03/21 1:06:08 am GMT+3","Female.","Personal Computer (PC).","Shooting games.;RGP games.;Survival games.","Daily.","More than 9 hours.","Together.","Planning on playing professionally.","To compete with others.","6-8 hours.","Never.","More than 3 hours.","Rarely.","I don’t.","Maybe.","Never.","Never.","I don't know.","Difficulty sleeping.;Repeatedly waking up during the night.;Sudden mood swings.","Low physical activity while gaming causes irregularities in sleep.;Disordered sleeping schedule as a result of gaming late at night.","No.","Enhanced sleep quality.;Better attention.","Average.","Good"
"2024/03/21 1:16:41 am GMT+3","Female.","Personal Computer (PC).","Shooting games.;RGP games.;MMORGP games.","Regularly (several times a week).","4-6 hours.","Together.","No.","To relieve stress and tension.","6-8 hours.","Rarely.","1 to 3 hours.","Rarely.","I don’t.","Maybe.","Occasionally.","Occasionally.","No.","Lack of sleep.","Low physical activity while gaming causes irregularities in sleep.;Disordered sleeping schedule as a result of gaming late at night.","No.","","Weak.",""
"2024/03/21 1:47:03 am GMT+3","Female.","Mobile.","Shooting games.;Fighting games.;Survival games.","Regularly (several times a week).","4-6 hours.","Alone.","No.","As a reward after completing academic tasks.","More than 8 hours.","Never.","Less than 1 hour.","Rarely.","I don’t.","Yes.","Yes.","Occasionally.","Yes.","Difficulty sleeping.;Lack of sleep.","Blue light emitted from screens prevents melatonin.;Excitement and constant stimulation from gaming make it difficult to relax and sleep.","Yes.","Enhanced sleep quality.","Weak.",""
"2024/03/21 2:07:59 am GMT+3","Female.","Mobile.","Sports games.","Never","1-3 hours.","Alone.","No.","To socialise and play with friends.","6-8 hours.","Yes.","More than 3 hours.","Yes.","I don’t.","Yes.","Occasionally.","Yes.","Yes.","Sudden mood swings.","Excitement and constant stimulation from gaming make it difficult to relax and sleep.","No.","Enhanced sleep quality.","Outstanding.",""
"2024/03/21 2:11:05 am GMT+3","Female.","Mobile.","Fighting games.","Regularly (several times a week).","1-3 hours.","Together.","Planning on playing professionally.","To socialise and play with friends.","6-8 hours.","Rarely.","1 to 3 hours.","Rarely.","I don’t.","Yes.","Rarely.","Occasionally.","No.","Lack of sleep.","Excitement and constant stimulation from gaming make it difficult to relax and sleep.","Yes.","Enhanced sleep quality.","Average.","جميل"
"2024/03/21 2:18:07 am GMT+3","Male.","Personal Computer (PC).","Shooting games.;Simulator games.;Fighting games.","Rarely (once or twice a month).","1-3 hours.","Together.","Yes.","To socialise and play with friends.","6-8 hours.","Never.","Less than 1 hour.","Never.","I don’t.","Maybe.","Occasionally.","Rarely.","Maybe.","Lack of sleep.;Feeling tired/exhausted.;Difficulty focusing.","Low physical activity while gaming causes irregularities in sleep.","Yes.","Enhanced sleep quality.","Average.",""
"2024/03/21 2:29:32 am GMT+3","Female.","sony.","Shooting games.;Action Games.;Fighting games.","Daily.","7-9 hours.","Together.","No.","As a reward after completing academic tasks.","3-6 hours.","Occasionally.","Less than 1 hour.","Yes.","Twice or 3 times maximum.","Maybe.","Occasionally.","Rarely.","Yes.","Difficulty sleeping.;Repeatedly waking up during the night.;Lack of sleep.","Excitement and constant stimulation from gaming make it difficult to relax and sleep.","Yes.","Enhanced sleep quality.;Increased productivity.","Good.",""
"2024/03/21 2:31:15 am GMT+3","Female.","Mobile.","Simulator games.;Fighting games.;Open-world games.","Daily.","1-3 hours.","Alone.","Yes.","As a reward after completing academic tasks.","More than 8 hours.","Occasionally.","1 to 3 hours.","Rarely.","Twice or 3 times maximum.","No.","Occasionally.","Never.","I don't know.","Sudden mood swings.","Blue light emitted from screens prevents melatonin.;Excitement and constant stimulation from gaming make it difficult to relax and sleep.","Yes.","Enhanced sleep quality.;Increased productivity.","Outstanding.","i have a suggestion but the survey topic is great"
"2024/03/21 3:04:21 am GMT+3","Female.","Mobile.","Shooting games.;Strategy games.","Rarely (once or twice a month).","1-3 hours.","Alone.","No.","To beat boredom.","6-8 hours.","Rarely.","Less than 1 hour.","Rarely.","Twice or 3 times maximum.","Yes.","Occasionally.","Occasionally.","Maybe.","Difficulty focusing.","Low physical activity while gaming causes irregularities in sleep.","No.","","Good.",""
"2024/03/21 3:04:39 am GMT+3","Female.","sony.","Shooting games.;Simulator games.;Sports games.","Daily.","4-6 hours.","Together.","No.","To socialise and play with friends.","More than 8 hours.","Yes.","1 to 3 hours.","Yes.","Twice or 3 times maximum.","Yes.","Yes.","Yes.","Yes.","Difficulty sleeping.","Blue light emitted from screens prevents melatonin.","Yes.","Enhanced sleep quality.","Weak.",""
"2024/03/21 3:10:44 am GMT+3","Female.","Mobile.","Simulator games.;Survival games.;Open-world games.","Rarely (once or twice a month).","1-3 hours.","Together.","No.","To beat boredom.","6-8 hours.","Rarely.","Less than 1 hour.","Occasionally.","Twice or 3 times maximum.","Yes.","Occasionally.","Occasionally.","Maybe.","Difficulty sleeping.;Feeling tired/exhausted.","Blue light emitted from screens prevents melatonin.;Excitement and constant stimulation from gaming make it difficult to relax and sleep.","Yes.","Enhanced sleep quality.;Better attention.","Average.",""
"2024/03/21 3:25:48 am GMT+3","Female.","sony.","Shooting games.;Action Games.;Survival games.","sometimes (once or twice a week).","1-3 hours.","Together.","No.","To beat boredom.","6-8 hours.","Never.","Less than 1 hour.","Occasionally.","Twice or 3 times maximum.","Maybe.","Rarely.","Never.","No.","Repeatedly waking up during the night.;Sudden mood swings.","Blue light emitted from screens prevents melatonin.;Excitement and constant stimulation from gaming make it difficult to relax and sleep.","Yes.","Increased productivity.;Elevated mood.","Average.",""
"2024/03/21 3:37:55 am GMT+3","Female.","Mobile.","Action Games.;Simulator games.;Fighting games.","Regularly (several times a week).","1-3 hours.","Together.","No.","To beat boredom.","6-8 hours.","Rarely.","Less than 1 hour.","Yes.","Twice or 3 times maximum.","Yes.","Occasionally.","Yes.","Maybe.","Difficulty sleeping.;Repeatedly waking up during the night.;Feeling tired/exhausted.","Blue light emitted from screens prevents melatonin.;Low physical activity while gaming causes irregularities in sleep.","Yes.","Enhanced sleep quality.;Elevated mood.","Weak.",""
"2024/03/21 4:16:32 am GMT+3","Female.","Mobile.","RGP games.;MMORGP games.;Strategy games.","Rarely (once or twice a month).","1-3 hours.","Together.","No.","To socialise and play with friends.","3-6 hours.","Occasionally.","1 to 3 hours.","Rarely.","Twice or 3 times maximum.","Maybe.","Rarely.","Rarely.","No.","Difficulty sleeping.;Feeling tired/exhausted.;Sudden mood swings.","Blue light emitted from screens prevents melatonin.;Low physical activity while gaming causes irregularities in sleep.","Yes.","Enhanced sleep quality.;Increased productivity.","Outstanding.",""
"2024/03/21 5:12:32 am GMT+3","Female.","Mobile.","Action Games.;Fighting games.;Survival games.","Rarely (once or twice a month).","1-3 hours.","Together.","Planning on playing professionally.","To socialise and play with friends.","More than 8 hours.","Never.","Less than 1 hour.","Rarely.","Twice or 3 times maximum.","Maybe.","Occasionally.","Rarely.","No.","Lack of sleep.;Feeling tired/exhausted.;Sudden mood swings.","🤷🏻‍♀️","Yes.","Enhanced sleep quality.;Elevated mood.","Good.",""
"2024/03/21 6:42:39 am GMT+3","Female.","sony.","Shooting games.;Fighting games.;Survival games.","sometimes (once or twice a week).","4-6 hours.","Together.","No.","To beat boredom.","6-8 hours.","Yes.","1 to 3 hours.","Yes.","Twice or 3 times maximum.","No.","Yes.","Occasionally.","No.","Repeatedly waking up during the night.;Lack of sleep.;Sudden mood swings.","Excitement and constant stimulation from gaming make it difficult to relax and sleep.;","No.","","Average.",""
"2024/03/21 8:36:02 am GMT+3","Female.","sony.","Open-world games.","Rarely (once or twice a month).","1-3 hours.","Together.","Yes.","To socialise and play with friends.","6-8 hours.","Occasionally.","1 to 3 hours.","Occasionally.","Twice or 3 times maximum.","Maybe.","Yes.","Yes.","Maybe.","Difficulty sleeping.;Lack of sleep.;Feeling tired/exhausted.","Blue light emitted from screens prevents melatonin.;Low physical activity while gaming causes irregularities in sleep.","No.","","Good.",""
"2024/03/21 10:02:10 am GMT+3","Female.","Personal Computer (PC).","Survival games.;Open-world games.;Strategy games.","Rarely (once or twice a month).","1-3 hours.","Together.","No.","To relieve stress and tension.","3-6 hours.","Occasionally.","Less than 1 hour.","Never.","I don’t.","No.","Yes.","Yes.","I don't know.","Lack of sleep.","Low physical activity while gaming causes irregularities in sleep.;Disordered sleeping schedule as a result of gaming late at night.","Yes.","Increased productivity.","Outstanding.",""
"2024/03/21 12:26:21 pm GMT+3","Male.","Mobile.","Fighting games.;Open-world games.;Strategy games.","Regularly (several times a week).","1-3 hours.","Together.","Yes.","To compete with others.","1-3 hours.","Never.","Less than 1 hour.","Occasionally.","Twice or 3 times maximum.","No.","Never.","Occasionally.","No.","No","Excitement and constant stimulation from gaming make it difficult to relax and sleep.","No.","No","Weak.","I don't know"
"2024/03/21 1:32:13 pm GMT+3","Female.","Mobile.","Action Games.;Sports games.;Gacha games.","sometimes (once or twice a week).","1-3 hours.","Together.","Yes.","To socialise and play with friends.","6-8 hours.","Rarely.","Less than 1 hour.","Never.","I don’t.","Maybe.","Yes.","Yes.","No.","Feeling tired/exhausted.;Difficulty focusing.;Sudden mood swings.","Excitement and constant stimulation from gaming make it difficult to relax and sleep.;","Yes.","","Weak.",""
"2024/03/21 4:02:48 pm GMT+3","Female.","Mobile.","Survival games.;Open-world games.;Gacha games.","Daily.","1-3 hours.","Together.","No.","To socialise and play with friends.","6-8 hours.","Yes.","Less than 1 hour.","Yes.","I don’t.","Maybe.","Yes.","Rarely.","Maybe.","Difficulty sleeping.","Blue light emitted from screens prevents melatonin.","Yes.","Enhanced sleep quality.","Good.",""
"2024/03/21 6:19:26 pm GMT+3","Female.","sony.","Shooting games.;Fighting games.","sometimes (once or twice a week).","1-3 hours.","Together.","No.","To relieve stress and tension.","More than 8 hours.","Yes.","1 to 3 hours.","Yes.","More than 3 times every day.","Yes.","Yes.","Yes.","No.","Difficulty sleeping.;Feeling tired/exhausted.;Difficulty focusing.","Low physical activity while gaming causes irregularities in sleep.","Yes.","Nothing ","Weak.",""
"2024/03/21 8:06:18 pm GMT+3","Male.","sony.","Shooting games.;RGP games.;Sports games.","Daily.","7-9 hours.","Together.","No.","To socialise and play with friends.","3-6 hours.","Occasionally.","1 to 3 hours.","Rarely.","I don’t.","I don't know.","Occasionally.","Rarely.","Yes.","Difficulty sleeping.","Excitement and constant stimulation from gaming make it difficult to relax and sleep.;Low physical activity while gaming causes irregularities in sleep.","No.","Enhanced sleep quality.","Weak.",""
"2024/03/21 9:14:44 pm GMT+3","Female.","Personal Computer (PC).","Shooting games.","Daily.","4-6 hours.","Together.","Yes.","To socialise and play with friends.","More than 8 hours.","Never.","Less than 1 hour.","Yes.","More than 3 times every day.","I don't know.","Yes.","Never.","Yes.","Feeling tired/exhausted.;Difficulty focusing.;Sudden mood swings.","Blue light emitted from screens prevents melatonin.","No.","","Good.",":3"
"2024/03/21 9:55:54 pm GMT+3","Female.","sony.","Shooting games.;Open-world games.","Regularly (several times a week).","1-3 hours.","Together.","No.","To compete with others.","6-8 hours.","Occasionally.","1 to 3 hours.","Never.","I don’t.","Maybe.","Rarely.","Yes.","Yes.","Difficulty sleeping.;Difficulty focusing.;Sudden mood swings.","Excitement and constant stimulation from gaming make it difficult to relax and sleep.;Disordered sleeping schedule as a result of gaming late at night.","Yes.","Better attention.;Elevated mood.","Weak.",""
"2024/03/22 1:16:31 am GMT+3","Female.","sony.","Shooting games.;Action Games.;Open-world games.","Regularly (several times a week).","1-3 hours.","Together.","No.","As a reward after completing academic tasks.","6-8 hours.","Rarely.","1 to 3 hours.","Yes.","Twice or 3 times maximum.","Maybe.","Yes.","Occasionally.","Maybe.","Difficulty sleeping.;Feeling tired/exhausted.;Sudden mood swings.","Blue light emitted from screens prevents melatonin.;Low physical activity while gaming causes irregularities in sleep.","Yes.","Elevated mood.","Average.","Maybe not play before sleep "
"2024/03/24 3:09:14 pm GMT+3","Female.","Mobile.","Action Games.;Survival games.;Strategy games.","Rarely (once or twice a month).","1-3 hours.","Together.","No.","To beat boredom.","6-8 hours.","Occasionally.","1 to 3 hours.","Occasionally.","Twice or 3 times maximum.","Maybe.","Yes.","Occasionally.","I don't know.","Repeatedly waking up during the night.;Lack of sleep.;Feeling tired/exhausted.","Low physical activity while gaming causes irregularities in sleep.","No.","","Average.",""
"2024/03/26 7:38:16 pm GMT+3","Female.","Mobile.","Action Games.;Fighting games.;Strategy games.","Rarely (once or twice a month).","1-3 hours.","Together.","No.","To beat boredom.","6-8 hours.","Occasionally.","Less than 1 hour.","Yes.","Twice or 3 times maximum.","No.","Rarely.","Rarely.","No.","Lack of sleep.","Low physical activity while gaming causes irregularities in sleep.","Yes.","Increased productivity.;Better attention.","Average.",""
"2024/03/31 11:58:22 pm GMT+3","Female.","sony.","Action Games.;Fighting games.;Survival games.","sometimes (once or twice a week).","1-3 hours.","Together.","No.","As a reward after completing academic tasks.","3-6 hours.","Never.","Less than 1 hour.","Never.","I don’t.","Maybe.","Rarely.","Rarely.","Maybe.","Lack of sleep.;Feeling tired/exhausted.;Difficulty focusing.","Excitement and constant stimulation from gaming make it difficult to relax and sleep.","No.","","Good.","Look at the media that is spreading awareness about the effects of video games on the increasing rates of insomnia."
"2024/05/09 6:31:13 am GMT+3","Female.","IPAD","Shooting games.;Action Games.;Fighting games.","Daily.","4-6 hours.","Together.","No.","To beat boredom.","3-6 hours.","Rarely.","Less than 1 hour.","Occasionally.","Twice or 3 times maximum.","Yes.","Rarely.","Occasionally.","Yes.","Repeatedly waking up during the night.;Difficulty focusing.;Sudden mood swings.","Excitement and constant stimulation from gaming make it difficult to relax and sleep.;Disordered sleeping schedule as a result of gaming late at night.","Yes.","Enhanced sleep quality.;Increased productivity.","Good.",""